record_id,event_key,source,event_time,amount,status
R0001,EVT-0001,System B,2026-03-06 15:21,591.00,processed
R0002,EVT-0002,System C,2026-03-10 14:30,874.00,reviewed
R0003,EVT-0003,System A,2026-01-03 10:09,481.00,received
R0004,EVT-0004,System B,2026-03-19 08:57,344.00,processed
R0005,EVT-0005,System C,2026-02-06 19:22,246.00,reviewed
R0006,EVT-0006,System A,2026-02-09 18:08,637.00,received
R0007,EVT-0007,System B,2026-01-10 11:32,788.00,processed
R0008,EVT-0008,System C,2026-02-08 17:35,204.00,reviewed
R0009,EVT-0009,System A,2026-02-12 10:24,810.00,received
R0010,EVT-0010,System B,2026-01-30 18:52,479.00,processed
R0011,EVT-0011,System C,2026-02-01 19:28,38.00,reviewed
R0012,EVT-0012,System A,2026-03-13 19:46,879.00,received
R0013,EVT-0013,System B,2026-02-25 13:18,377.00,processed
R0014,EVT-0014,System C,2026-02-05 17:22,756.00,reviewed
R0015,EVT-0015,System A,2026-01-13 10:03,457.00,received
R0016,EVT-0016,System B,2026-03-26 12:55,292.00,processed
R0017,EVT-0017,System C,2026-01-24 11:29,122.00,reviewed
R0018,EVT-0018,System A,2026-01-29 11:07,208.00,received
R0019,EVT-0019,System B,2026-03-21 19:19,410.00,processed
R0020,EVT-0020,System C,2026-01-05 08:25,568.00,reviewed
R0021,EVT-0021,System A,2026-01-23 10:07,889.00,received
R0022,EVT-0022,System B,2026-02-18 14:15,56.00,processed
R0023,EVT-0023,System C,2026-03-16 13:55,35.00,reviewed
R0024,EVT-0024,System A,2026-01-30 13:57,484.00,received
R0025,EVT-0025,System B,2026-02-23 12:06,448.00,processed
R0026,EVT-0026,System C,2026-01-05 14:52,220.00,reviewed
R0027,EVT-0027,System A,2026-01-13 08:33,780.00,received
R0028,EVT-0028,System B,2026-03-26 20:48,775.00,processed
R0029,EVT-0029,System C,2026-03-02 19:12,381.00,reviewed
R0030,EVT-0030,System A,2026-02-06 17:36,832.00,received
R0031,EVT-0031,System B,2026-01-03 15:54,547.00,processed
R0032,EVT-0032,System C,2026-02-19 16:52,362.00,reviewed
R0033,EVT-0033,System A,2026-01-25 12:55,852.00,received
R0034,EVT-0034,System B,2026-02-21 12:27,721.00,processed
R0035,EVT-0035,System C,2026-03-11 20:37,165.00,reviewed
R0036,EVT-0036,System A,2026-03-16 19:02,550.00,received
R0037,EVT-0037,System B,2026-01-06 10:45,97.00,processed
R0038,EVT-0038,System C,2026-02-01 12:03,717.00,reviewed
R0039,EVT-0039,System A,2026-02-08 16:13,185.00,received
R0040,EVT-0040,System B,2026-02-27 10:46,92.00,processed
R0041,EVT-0041,System C,2026-01-31 17:25,338.00,reviewed
R0042,EVT-0042,System A,2026-02-16 19:50,236.00,received
R0043,EVT-0043,System B,2026-01-30 11:21,764.00,processed
R0044,EVT-0044,System C,2026-02-14 20:32,131.00,reviewed
R0045,EVT-0045,System A,2026-02-09 14:48,886.00,received
R0046,EVT-0046,System B,2026-02-09 15:05,462.00,processed
R0047,EVT-0047,System C,2026-01-16 09:41,178.00,reviewed
R0048,EVT-0048,System A,2026-02-17 11:16,552.00,received
R0049,EVT-0049,System B,2026-03-14 18:29,155.00,processed
R0050,EVT-0050,System C,2026-03-19 11:40,55.00,reviewed
R0051,EVT-0051,System A,2026-03-21 14:15,469.00,received
R0052,EVT-0052,System B,2026-03-02 09:19,715.00,processed
R0053,EVT-0053,System C,2026-01-23 15:45,64.00,reviewed
R0054,EVT-0054,System A,2026-01-25 11:10,409.00,received
R0055,EVT-0055,System B,2026-02-26 14:57,473.00,processed
R0056,EVT-0056,System C,2026-01-29 10:56,120.00,reviewed
R0057,EVT-0057,System A,2026-02-28 20:48,488.00,received
R0058,EVT-0058,System B,2026-02-02 12:19,882.00,processed
R0059,EVT-0059,System C,2026-03-12 19:22,273.00,reviewed
R0060,EVT-0060,System A,2026-02-16 18:40,290.00,received
R0061,EVT-0061,System B,2026-01-23 11:04,393.00,processed
R0062,EVT-0062,System C,2026-01-01 10:20,791.00,reviewed
R0063,EVT-0063,System A,2026-01-30 15:38,584.00,received
R0064,EVT-0064,System B,2026-01-31 16:29,537.00,processed
R0065,EVT-0065,System C,2026-01-11 18:40,304.00,reviewed
R0066,EVT-0066,System A,2026-02-15 10:00,388.00,received
R0067,EVT-0067,System B,2026-02-13 14:16,74.00,processed
R0068,EVT-0068,System C,2026-03-11 12:20,335.00,reviewed
R0069,EVT-0069,System A,2026-03-05 10:57,452.00,received
R0070,EVT-0070,System B,2026-03-26 08:04,523.00,processed
R0071,EVT-0071,System C,2026-02-13 20:18,94.00,reviewed
R0072,EVT-0072,System A,2026-03-25 09:40,552.00,received
R0073,EVT-0073,System B,2026-01-16 13:07,121.00,processed
R0074,EVT-0074,System C,2026-03-25 10:23,533.00,reviewed
R0075,EVT-0075,System A,2026-01-21 18:17,685.00,received
R0076,EVT-0076,System B,2026-02-04 16:15,434.00,processed
R0077,EVT-0077,System C,2026-01-05 13:24,73.00,reviewed
R0078,EVT-0078,System A,2026-01-01 08:09,77.00,received
R0079,EVT-0079,System B,2026-03-11 16:20,468.00,processed
R0080,EVT-0080,System C,2026-03-15 19:41,755.00,reviewed
R0081,EVT-0081,System A,2026-03-03 08:55,305.00,received
R0082,EVT-0082,System B,2026-03-16 10:25,420.00,processed
R0083,EVT-0083,System C,2026-02-15 17:41,467.00,reviewed
R0084,EVT-0084,System A,2026-02-21 15:45,209.00,received
R0085,EVT-0085,System B,2026-02-05 19:05,342.00,processed
R0086,EVT-0086,System C,2026-01-14 20:50,859.00,reviewed
R0087,EVT-0087,System A,2026-02-24 20:50,851.00,received
R0088,EVT-0088,System B,2026-03-19 18:17,269.00,processed
R0089,EVT-0089,System C,2026-03-07 11:44,863.00,reviewed
R0090,EVT-0090,System A,2026-01-05 11:02,366.00,received
R0091,EVT-0091,System B,2026-03-10 12:53,368.00,processed
R0092,EVT-0092,System C,2026-01-06 14:07,478.00,reviewed
R0093,EVT-0093,System A,2026-01-20 12:42,76.00,received
R0094,EVT-0094,System B,2026-02-28 11:58,242.00,processed
R0095,EVT-0095,System C,2026-03-19 08:00,454.00,reviewed
R0096,EVT-0096,System A,2026-02-26 19:34,742.00,received
R0097,EVT-0097,System B,2026-01-02 13:47,457.00,processed
R0098,EVT-0098,System C,2026-02-13 15:35,292.00,reviewed
R0099,EVT-0099,System A,2026-01-16 19:51,826.00,received
R0100,EVT-0100,System B,2026-02-23 14:12,108.00,processed
R0101,EVT-0101,System C,2026-01-17 16:39,878.00,reviewed
R0102,EVT-0102,System A,2026-02-07 13:49,84.00,received
R0103,EVT-0103,System B,2026-01-21 13:02,291.00,processed
R0104,EVT-0104,System C,2026-03-04 08:43,686.00,reviewed
R0105,EVT-0105,System A,2026-03-25 08:23,848.00,received
R0106,EVT-0106,System B,2026-02-28 19:25,847.00,processed
R0107,EVT-0107,System C,2026-01-25 16:34,626.00,reviewed
R0108,EVT-0108,System A,2026-02-27 08:22,496.00,received
R0109,EVT-0109,System B,2026-02-04 10:03,215.00,processed
R0110,EVT-0110,System C,2026-02-19 09:33,201.00,reviewed
R0111,EVT-0111,System A,2026-01-31 16:00,384.00,received
R0112,EVT-0112,System B,2026-03-05 11:23,40.00,processed
R0113,EVT-0113,System C,2026-03-07 19:11,832.00,reviewed
R0114,EVT-0114,System A,2026-03-17 11:47,399.00,received
R0115,EVT-0115,System B,2026-01-08 10:43,640.00,processed
R0116,EVT-0116,System C,2026-01-03 18:15,790.00,reviewed
R0117,EVT-0117,System A,2026-03-14 12:39,304.00,received
R0118,EVT-0118,System B,2026-02-05 18:37,487.00,processed
R0119,EVT-0119,System C,2026-01-13 10:04,647.00,reviewed
R0120,EVT-0120,System A,2026-01-03 19:12,849.00,received
R0121,EVT-0121,System B,2026-03-23 14:00,510.00,processed
R0122,EVT-0122,System C,2026-01-21 10:07,398.00,reviewed
R0123,EVT-0123,System A,2026-03-20 11:04,578.00,received
R0124,EVT-0124,System B,2026-01-28 15:07,532.00,processed
R0125,EVT-0125,System C,2026-01-25 10:46,692.00,reviewed
R0126,EVT-0126,System A,2026-02-05 19:43,681.00,received
R0127,EVT-0127,System B,2026-01-20 14:27,808.00,processed
R0128,EVT-0128,System C,2026-01-09 13:06,332.00,reviewed
R0129,EVT-0129,System A,2026-02-28 08:27,82.00,received
R0130,EVT-0130,System B,2026-02-11 17:59,790.00,processed
R0131,EVT-0131,System C,2026-02-07 15:55,664.00,reviewed
R0132,EVT-0132,System A,2026-02-05 12:45,447.00,received
R0133,EVT-0133,System B,2026-01-31 12:08,636.00,processed
R0134,EVT-0134,System C,2026-01-31 16:21,668.00,reviewed
R0135,EVT-0135,System A,2026-02-06 08:23,430.00,received
R0136,EVT-0136,System B,2026-03-01 08:26,606.00,processed
R0137,EVT-0137,System C,2026-02-18 13:36,35.00,reviewed
R0138,EVT-0138,System A,2026-02-03 14:16,614.00,received
R0139,EVT-0139,System B,2026-02-11 17:45,286.00,processed
R0140,EVT-0140,System C,2026-02-03 08:38,732.00,reviewed
R0141,EVT-0141,System A,2026-01-20 20:57,749.00,received
R0142,EVT-0142,System B,2026-01-07 17:32,732.00,processed
R0143,EVT-0143,System C,2026-02-09 19:04,576.00,reviewed
R0144,EVT-0144,System A,2026-02-20 14:32,465.00,received
R0145,EVT-0145,System B,2026-03-01 08:26,855.00,processed
R0146,EVT-0146,System C,2026-03-20 13:38,327.00,reviewed
R0147,EVT-0147,System A,2026-01-06 14:49,829.00,received
R0148,EVT-0148,System B,2026-03-06 10:27,647.00,processed
R0149,EVT-0149,System C,2026-03-13 08:16,387.00,reviewed
R0150,EVT-0150,System A,2026-02-13 10:19,120.00,received
R0151,EVT-0151,System B,2026-03-15 15:15,45.00,processed
R0152,EVT-0152,System C,2026-03-08 20:09,58.00,reviewed
R0153,EVT-0153,System A,2026-03-01 11:37,69.00,received
R0154,EVT-0154,System B,2026-01-28 10:35,129.00,processed
R0155,EVT-0155,System C,2026-03-13 11:39,861.00,reviewed
R0156,EVT-0156,System A,2026-02-21 13:28,108.00,received
R0157,EVT-0157,System B,2026-03-18 12:48,441.00,processed
R0158,EVT-0158,System C,2026-01-23 09:19,48.00,reviewed
R0159,EVT-0159,System A,2026-02-21 13:34,381.00,received
R0160,EVT-0160,System B,2026-03-09 19:54,849.00,processed
R0161,EVT-0161,System C,2026-03-19 12:45,356.00,reviewed
R0162,EVT-0162,System A,2026-02-20 18:41,806.00,received
R0163,EVT-0163,System B,2026-03-08 19:18,624.00,processed
R0164,EVT-0164,System C,2026-02-10 11:49,76.00,reviewed
R0165,EVT-0165,System A,2026-01-17 20:41,98.00,received
R0166,EVT-0166,System B,2026-03-18 20:35,365.00,processed
R0167,EVT-0167,System C,2026-01-01 11:50,427.00,reviewed
R0168,EVT-0168,System A,2026-01-25 10:29,738.00,received
R0169,EVT-0169,System B,2026-02-07 18:53,154.00,processed
R0170,EVT-0170,System C,2026-02-05 11:15,644.00,reviewed
R0171,EVT-0171,System A,2026-02-15 12:37,111.00,received
R0172,EVT-0172,System B,2026-01-10 15:04,87.00,processed
R0173,EVT-0173,System C,2026-03-21 20:41,215.00,reviewed
R0174,EVT-0174,System A,2026-02-20 18:09,856.00,received
R0175,EVT-0175,System B,2026-03-12 14:52,603.00,processed
R0176,EVT-0176,System C,2026-03-10 15:27,600.00,reviewed
R0177,EVT-0177,System A,2026-03-19 10:45,51.00,received
R0178,EVT-0178,System B,2026-01-12 10:21,101.00,processed
R0179,EVT-0179,System C,2026-03-26 13:04,334.00,reviewed
R0180,EVT-0180,System A,2026-02-12 20:08,329.00,received
R0181,EVT-0007,System C,2026-01-10 11:32,788.00,processed
R0182,EVT-0013,System A,2026-02-25 13:18,377.00,processed
R0183,EVT-0019,System B,2026-03-21 19:19,410.00,processed
R0184,EVT-0025,System C,2026-02-23 12:06,448.00,processed
R0185,EVT-0031,System A,2026-01-03 15:54,547.00,processed
R0186,EVT-0037,System B,2026-01-06 10:45,97.00,processed
R0187,EVT-0043,System C,2026-01-30 11:21,764.00,processed
R0188,EVT-0049,System A,2026-03-14 18:29,155.00,processed
R0189,EVT-0055,System B,2026-02-26 14:57,473.00,processed
R0190,EVT-0061,System C,2026-01-23 11:04,393.00,processed
R0191,EVT-0067,System A,2026-02-13 14:16,74.00,processed
R0192,EVT-0073,System B,2026-01-16 13:07,121.00,processed
R0193,EVT-0079,System C,2026-03-11 16:20,468.00,processed
R0194,EVT-0085,System A,2026-02-05 19:05,342.00,processed
R0195,EVT-0091,System B,2026-03-10 12:53,368.00,processed
R0196,EVT-0097,System C,2026-01-02 13:47,457.00,processed
R0197,EVT-0103,System A,2026-01-21 13:02,291.00,processed
R0198,EVT-0109,System B,2026-02-04 10:03,215.00,processed
R0199,EVT-0010,System C,2026-01-30 18:52,514.00,processed
R0200,EVT-0019,System C,2026-03-21 19:19,445.00,processed
R0201,EVT-0028,System C,2026-03-26 20:48,810.00,processed
R0202,EVT-0037,System C,2026-01-06 10:45,132.00,processed
R0203,EVT-0046,System C,2026-02-09 15:05,497.00,processed
R0204,EVT-0055,System C,2026-02-26 14:57,508.00,processed
R0205,EVT-0064,System C,2026-01-31 16:29,572.00,processed
R0206,EVT-0073,System C,2026-01-16 13:07,156.00,processed
R0207,EVT-0082,System C,2026-03-16 10:25,455.00,processed
R0208,EVT-0181,System A,2026-02-09 18:08,,received
R0209,EVT-0182,System C,2026-02-01 19:28,38.00,reviewed
R0210,EVT-0183,System B,,,processed
R0211,EVT-0184,System A,2026-01-23 10:07,889.00,received
R0212,EVT-0185,System C,2026-01-05 14:52,,reviewed
R0213,EVT-0186,System B,,547.00,processed
R0214,EVT-0187,System A,2026-03-16 19:02,,received
R0215,EVT-0188,System C,2026-01-31 17:25,338.00,reviewed
R0216,EVT-0189,System B,,,processed
R0217,EVT-0190,System A,2026-03-21 14:15,469.00,received
R0218,EVT-0191,System C,2026-01-29 10:56,,reviewed
R0219,EVT-0192,System B,,393.00,processed
